{"cameraMode":{"drawMode":0,"name":"Shaded","section":"Shading Mode"},"sceneLighting":false,"audioPlay":false,"sceneViewState":{"m_AlwaysRefresh":false,"showFog":true,"showSkybox":false,"showFlares":true,"showImageEffects":true,"showParticleSystems":true,"showVisualEffectGraphs":true,"m_FxEnabled":true},"in2DMode":false,"pivot":{"x":7.710000038146973,"y":0.6800000667572022,"z":28.860000610351564},"rotation":{"x":-0.38964152336120608,"y":-0.04776912182569504,"z":0.02024119533598423,"w":-0.9195103049278259},"size":0.8660253882408142,"orthographic":false}